﻿<?xml version="1.0" encoding="utf-8" ?>
<Advertisements>
  <Ad>
    <ImageUrl>~/Images/Pics/1.jpg</ImageUrl>
  </Ad>
  <Ad>
    <ImageUrl>~/Images/Pics/2.jpg</ImageUrl>
  </Ad>
  <Ad>
    <ImageUrl>~/Images/Pics/3.jpg</ImageUrl>
  </Ad>
  <Ad>
    <ImageUrl>~/Images/Pics/4.jpg</ImageUrl>
  </Ad>
  <Ad>
    <ImageUrl>~/Images/Pics/5.jpg</ImageUrl>
  </Ad>
  <Ad>
    <ImageUrl>~/Images/Pics/6.jpg</ImageUrl>
  </Ad>
  <Ad>
    <ImageUrl>~/Images/Pics/7.jpg</ImageUrl>
  </Ad>
  <Ad>
    <ImageUrl>~/Images/Pics/8.jpg</ImageUrl>
  </Ad>
  <Ad>
    <ImageUrl>~/Images/Pics/9.jpg</ImageUrl>
  </Ad>
  <Ad>
    <ImageUrl>~/Images/Pics/10.jpg</ImageUrl>
  </Ad>
  <Ad>
    <ImageUrl>~/Images/Pics/11.jpg</ImageUrl>
  </Ad>
  <Ad>
    <ImageUrl>~/Images/Pics/12.jpg</ImageUrl>
  </Ad>
  <Ad>
    <ImageUrl>~/Images/Pics/13.jpg</ImageUrl>
  </Ad>
  <Ad>
    <ImageUrl>~/Images/Pics/14.jpg</ImageUrl>
  </Ad>
  <Ad>
    <ImageUrl>~/Images/Pics/15.jpg</ImageUrl>
  </Ad>
  <Ad>
    <ImageUrl>~/Images/Pics/16.jpg</ImageUrl>
  </Ad>
  <Ad>
    <ImageUrl>~/Images/Pics/17.jpg</ImageUrl>
  </Ad>
  <Ad>
    <ImageUrl>~/Images/Pics/18.jpg</ImageUrl>
  </Ad>
  <Ad>
    <ImageUrl>~/Images/Pics/19.jpg</ImageUrl>
  </Ad>
  <Ad>
    <ImageUrl>~/Images/Pics/20.jpg</ImageUrl>
  </Ad>
  <Ad>
    <ImageUrl>~/Images/Pics/21.jpg</ImageUrl>
  </Ad>
  <Ad>
    <ImageUrl>~/Images/Pics/22.jpg</ImageUrl>
  </Ad>
  <Ad>
    <ImageUrl>~/Images/Pics/23.jpg</ImageUrl>
  </Ad>
  <Ad>
    <ImageUrl>~/Images/Pics/24.jpg</ImageUrl>
  </Ad>
  <Ad>
    <ImageUrl>~/Images/Pics/25.jpg</ImageUrl>
  </Ad>
  <Ad>
    <ImageUrl>~/Images/Pics/26.jpg</ImageUrl>
  </Ad>
  <Ad>
    <ImageUrl>~/Images/Pics/27.jpg</ImageUrl>
  </Ad>
  <Ad>
    <ImageUrl>~/Images/Pics/28.jpg</ImageUrl>
  </Ad>
  <Ad>
    <ImageUrl>~/Images/Pics/29.jpg</ImageUrl>
  </Ad>
  <Ad>
    <ImageUrl>~/Images/Pics/30.jpg</ImageUrl>
  </Ad>
  <Ad>
    <ImageUrl>~/Images/Pics/31.jpg</ImageUrl>
  </Ad>
  <Ad>
    <ImageUrl>~/Images/Pics/32.jpg</ImageUrl>
  </Ad>
  <Ad>
    <ImageUrl>~/Images/Pics/33.jpg</ImageUrl>
  </Ad>
</Advertisements>
